ffd01bab73c6193c2a9fac4f2d50e24e050424ee,GitHub
a9407dfa23e753f570d98c244b4e7301d5e72841,abacco
b4f5929845c481ff06fbef01df065803491fa413,abacco
51d1729658da33953880d3031c87ee610f0c45ba,abacco
60f54337a5562723d22b70ac1255ca52d485fd60,abacco
7c532cfd8dadf8d1447d103f2d4fce7c97dfbd16,GitHub
b5cc88842346d178053ea6629762c8a8cc1e9e28,abacco
8ea7db92cabb3114845aa7da99489e1a9e035d1e,abacco
6a38fddac1e9e2139e29e36b4651694c05fa2767,abacco
6a6fab5b36c7555a46eb5e4ec530f8e4f28f4870,Alex
0235dcc7378a7b5efc6553d88787d65bbd122783,Alex
d1489d420db920bb41fc7e671eaf344039c2d829,Alex
ffa90e6cf165d7bc8bf033c58218bc4ac1fa35ae,Alex
7f2d19095fe53d837171dfcabb0983be743b0d2e,Alex
25b3a03a943360b9bb544d3edd3b3079575b0624,Alex
